term,estimate,std.error,statistic,p.value
(Intercept),12.03457369288439,0.3924542074759174,30.664911889428222,1.6794651403159672e-159
building_typedorm,-1.8229127345252365,0.5533643465563415,-3.2942359692478567,0.001010768025745777
building_typegym,2.7550976348541423,0.5515628591321201,4.995074612509746,6.596973564048424e-7
building_typeoffice,2.4570018939119787,0.5479545886536903,4.483951671887202,7.906150938701034e-6
temperature,0.7953178784924413,0.003154891522390869,252.09040401164924,0
humidity,0.04061032986232876,0.0046733974496275385,8.689680323586716,9.665502020440513e-18
weekend,-0.9070111165466288,0.03238241904517792,-28.009368765231027,2.828216909728805e-138
club_activity_rate,7.978262450032882,0.799502340453205,9.979035765561779,1.0029548933798184e-22
mean_activity_scale,0.11887424649532655,0.6521165638188682,0.18228987437335673,0.8553807961683865
building_typedorm:temperature,-0.006884299156649721,0.004445949768518448,-1.548442855876849,0.121734530908846
building_typegym:temperature,-0.0053354477946247324,0.004453839620291702,-1.1979434037805092,0.23113536760834752
building_typeoffice:temperature,-0.007616972846706304,0.00444294964511649,-1.7143954928858065,0.08667040002494165
building_typedorm:humidity,-0.010060053453514328,0.006589915328508982,-1.5265831125315066,0.12708339876582503
building_typegym:humidity,-0.00828944485336849,0.006589314129256986,-1.2580133062047858,0.20859004730566713
building_typeoffice:humidity,-0.004981024141370452,0.006569948966481989,-0.7581526381380161,0.44848315337106937
building_typedorm:weekend,1.7497811042444755,0.04126582201074251,42.4026717264705,5.510749988300212e-256
building_typegym:weekend,1.7728025692654708,0.04126376104649522,42.96269957718858,1.3966375953454274e-260
building_typeoffice:weekend,0.18100016809399994,0.04126357975386569,4.386438820229681,1.2356762581160817e-5
